{
"skeleton": {
	"hash": "tF2Jrtp+by7otk4o2Bh6uFvmpBc",
	"spine": "3.8.75",
	"x": 233.92,
	"y": -227.98,
	"width": 331.7,
	"height": 38.33,
	"images": "./image/",
	"audio": "D:/исходники/Water/Water7/image"
},
"bones": [
	{ "name": "root" },
	{ "name": "bone", "parent": "root", "length": 308.65, "rotation": -1.75, "x": 210.09, "y": -211.82 }
],
"slots": [
	{ "name": "water70000", "bone": "bone", "attachment": "water70007" }
],
"skins": [
	{
		"name": "default",
		"attachments": {
			"water70000": {
				"water70000": { "x": -56.17, "y": -6.9, "rotation": 1.75, "width": 7, "height": 10 },
				"water70001": { "x": -50.75, "y": -3.22, "rotation": 1.75, "width": 28, "height": 47 },
				"water70002": { "x": -27.82, "y": 3.56, "rotation": 1.75, "width": 70, "height": 103 },
				"water70003": { "x": -5.41, "y": 6.71, "rotation": 1.75, "width": 115, "height": 135 },
				"water70004": { "x": 9.42, "y": 3.09, "rotation": 1.75, "width": 143, "height": 190 },
				"water70005": { "x": 53.26, "y": -2.22, "rotation": 1.75, "width": 236, "height": 253 },
				"water70006": { "x": 134.74, "y": 5.67, "rotation": 1.75, "width": 246, "height": 42 },
				"water70007": {
					"type": "mesh",
					"uvs": [ 0.21314, 0.5029, 0.23095, 0.49936, 0.24075, 0.50556, 0.26984, 0.50423, 0.27578, 0.49581, 0.29003, 0.49625, 0.29092, 0.50467, 0.33248, 0.50645, 0.34525, 0.49936, 0.35801, 0.50201, 0.37582, 0.51575, 0.42591, 0.54101, 0.44076, 0.54145, 0.44907, 0.54323, 0.47104, 0.55386, 0.49627, 0.56583, 0.50785, 0.58001, 0.54734, 0.58799, 0.5543, 0.58089, 0.59913, 0.57425, 0.61308, 0.57646, 0.63297, 0.584, 0.65257, 0.58799, 0.65821, 0.59064, 0.72914, 0.55417, 0.78662, 0.51222, 0.81727, 0.50206, 0.85091, 0.50078, 0.85985, 0.50968, 0.85091, 0.51731, 0.8309, 0.52303, 0.793, 0.54909, 0.71722, 0.59294, 0.68145, 0.5993, 0.66612, 0.60375, 0.65675, 0.60502, 0.62695, 0.60756, 0.58607, 0.60756, 0.54988, 0.60311, 0.54692, 0.59237, 0.54723, 0.58957, 0.508, 0.58269, 0.50625, 0.58783, 0.49192, 0.58922, 0.47358, 0.57972, 0.43695, 0.56102, 0.42655, 0.54867, 0.42529, 0.54307, 0.37776, 0.5185, 0.37507, 0.52299, 0.36472, 0.52322, 0.35483, 0.51856, 0.34581, 0.51716, 0.33803, 0.51517, 0.33337, 0.51261, 0.33244, 0.50771, 0.29084, 0.50591, 0.28737, 0.50824, 0.28081, 0.50947, 0.27166, 0.50853, 0.26979, 0.50649, 0.24074, 0.50694, 0.23702, 0.5126, 0.22952, 0.5161, 0.21629, 0.51551, 0.21219, 0.51015, 0.212, 0.50583 ],
					"triangles": [ 6, 57, 5, 60, 2, 3, 2, 62, 1, 61, 2, 60, 55, 6, 7, 56, 6, 55, 5, 58, 4, 56, 57, 6, 59, 3, 4, 58, 59, 4, 60, 3, 59, 5, 57, 58, 65, 66, 0, 61, 62, 2, 7, 53, 55, 54, 55, 53, 8, 53, 7, 64, 0, 1, 63, 64, 1, 65, 0, 64, 10, 11, 48, 62, 63, 1, 52, 8, 9, 53, 8, 52, 29, 27, 28, 30, 26, 27, 51, 52, 9, 50, 51, 9, 9, 10, 50, 49, 10, 48, 29, 30, 27, 49, 50, 10, 47, 48, 11, 46, 11, 12, 47, 11, 46, 31, 25, 26, 31, 26, 30, 24, 25, 31, 45, 46, 12, 44, 14, 15, 13, 14, 44, 45, 12, 13, 44, 45, 13, 17, 41, 16, 16, 43, 15, 42, 16, 41, 43, 44, 15, 42, 43, 16, 40, 41, 17, 24, 33, 23, 32, 24, 31, 32, 33, 24, 18, 40, 17, 18, 39, 40, 38, 39, 18, 34, 23, 33, 35, 22, 23, 35, 23, 34, 37, 18, 19, 38, 18, 37, 36, 20, 21, 36, 21, 22, 36, 22, 35, 37, 19, 20, 36, 37, 20 ],
					"vertices": [ 23.8, 20.48, 32.88, 21.97, 37.96, 20, 52.83, 20.91, 55.78, 23.89, 63.08, 23.96, 63.63, 21.09, 84.91, 21.13, 91.37, 23.76, 97.93, 23.05, 107.19, 18.62, 133.09, 10.74, 140.7, 10.83, 144.97, 10.35, 156.32, 7.05, 169.36, 3.34, 175.44, -1.34, 195.73, -3.46, 199.22, -0.92, 222.09, 2.06, 229.25, 1.52, 239.51, -0.75, 249.58, -1.81, 252.49, -2.63, 288.41, 10.98, 317.39, 26.26, 332.97, 30.23, 350.17, 31.19, 354.84, 28.28, 350.34, 25.53, 340.16, 23.25, 321.04, 13.73, 282.71, -2.5, 264.48, -5.23, 256.68, -7, 251.9, -7.58, 236.67, -8.92, 215.76, -9.56, 197.19, -8.6, 195.56, -4.97, 195.69, -4, 175.54, -2.26, 174.7, -4.05, 167.38, -4.75, 157.89, -1.78, 138.95, 4.06, 133.5, 8.13, 132.79, 10.03, 108.22, 17.71, 106.88, 16.13, 101.59, 15.88, 96.48, 17.33, 91.85, 17.67, 87.85, 18.23, 85.44, 19.03, 84.91, 20.7, 63.6, 20.66, 61.85, 19.81, 58.5, 19.29, 53.81, 19.46, 52.83, 20.13, 37.97, 19.52, 36.13, 17.53, 32.33, 16.21, 25.55, 16.2, 23.4, 17.98, 23.25, 19.45 ],
					"hull": 67,
					"edges": [ 0, 2, 2, 4, 4, 6, 6, 8, 8, 10, 10, 12, 12, 14, 14, 16, 16, 18, 18, 20, 20, 22, 22, 24, 24, 26, 26, 28, 28, 30, 30, 32, 32, 34, 34, 36, 36, 38, 38, 40, 40, 42, 42, 44, 44, 46, 46, 48, 48, 50, 50, 52, 52, 54, 54, 56, 56, 58, 58, 60, 60, 62, 62, 64, 64, 66, 66, 68, 68, 70, 70, 72, 72, 74, 74, 76, 76, 78, 78, 80, 80, 82, 82, 84, 84, 86, 86, 88, 88, 90, 90, 92, 92, 94, 94, 96, 96, 98, 98, 100, 100, 102, 102, 104, 104, 106, 106, 108, 108, 110, 110, 112, 112, 114, 114, 116, 116, 118, 118, 120, 120, 122, 122, 124, 124, 126, 126, 128, 128, 130, 130, 132, 0, 132 ],
					"width": 512,
					"height": 343
				},
				"water70008": { "x": 235.87, "y": 24.22, "rotation": 1.75, "width": 286, "height": 75 },
				"water70009": { "x": 359.6, "y": 35.19, "rotation": 1.75, "width": 64, "height": 143 },
				"water70010": { "x": 358.73, "y": 33.33, "rotation": 1.75, "width": 109, "height": 212 },
				"water70011": { "x": 351.19, "y": 24.12, "rotation": 1.75, "width": 153, "height": 291 },
				"water70012": { "x": 337.99, "y": 28.57, "rotation": 1.75, "width": 178, "height": 331 }
			}
		}
	}
],
"animations": {
	"animation": {
		"slots": {
			"water70000": {
				"attachment": [
					{ "name": "water70012" },
					{ "time": 0.0333, "name": "water70001" },
					{ "time": 0.0667, "name": "water70002" },
					{ "time": 0.1, "name": "water70003" },
					{ "time": 0.1333, "name": "water70004" },
					{ "time": 0.1667, "name": "water70005" },
					{ "time": 0.2, "name": "water70006" },
					{ "time": 0.2333, "name": "water70007" },
					{ "time": 0.2667, "name": "water70008" },
					{ "time": 0.3, "name": "water70009" },
					{ "time": 0.3333, "name": "water70010" },
					{ "time": 0.3667, "name": "water70011" },
					{ "time": 0.4, "name": "water70012" }
				]
			}
		}
	}
}
}